term,label,coefficient,std_error,p_value,approx_pct_effect
anos_escolaridad,Additional year of schooling,0.12441269058899426,0.0030331469125634324,0.0,13.248313970779613
potential_experience,Potential experience,0.03615698253565286,0.002793928723849516,2.632457444708259e-38,3.681859612839644
I(potential_experience ** 2),Potential experience squared,-0.0004955796411247042,6.135599794591492e-05,6.631531899821948e-16,-0.04954568618175115
C(sexo)[T.Varon],Male income premium,0.3382338376029295,0.017589609075425228,2.1091881333098693e-82,40.246841491713404
