feature_group,importance
anos_escolaridad,0.4713608575673525
edad,0.13440793023653283
cat_ocupacional,0.11731284203127082
sexo,0.07767296621755734
comuna,0.0656741233364997
children_count,0.0514738676766374
potential_experience,0.02949258130340426
situacion_conyugal,0.026580996778217188
nivel_max_educativo,0.026023834852527974
