model,mae_log,rmse_log,r2_log,mae_income,rmse_income
Gradient Boosting,0.4822925003695217,0.6552739697917267,0.3421317640643965,13136.219013028562,17897.261459769285
Linear benchmark,0.4882492761560247,0.6613828457856562,0.32980846506120776,13329.861390745367,18193.65203817926
Elastic Net,0.4887834833372629,0.662889029851741,0.3267525006677361,13327.805711346622,18185.608723059475
Random Forest,0.4962685714158867,0.6718041025374902,0.30852196627648365,13490.796070466615,18164.924343742226
