component,log_points,pct_gap
Endowment effect,-0.09795258540901261,-9.330810683998392
Coefficient effect,0.3242217456549428,38.295393714783344
Interaction effect,0.031082157846085815,3.1570251995104215
Total gap,0.25735131809204503,29.349947671222097
