component,log_points,pct_gap
Unexplained effect,0.3382338376024684,40.24684149164872
Explained effect,-0.0808825195108934,-7.769796242531646
Total gap,0.25735131809204503,29.349947671222097
