component,log_points,pct_gap
Unexplained effect,0.33823383760290554,40.24684149171003
Explained effect,-0.08088251951088954,-7.7697962425312905
Total gap,0.25735131809204503,29.349947671222097
